X_1,X_2,X_3,X_4,X_5,X_6,X_7,X_8,X_9,X_10,X_11,X_12,X_13,X_14,X_15,Actual_Y_1,Actual_Y_2,Actual_Y_3,Actual_Y_4,Actual_Y_5,Actual_Y_6,Actual_Y_7,Actual_Y_8,Actual_Y_9,Actual_Y_10,Predicted_Y_1,Predicted_Y_2,Predicted_Y_3,Predicted_Y_4,Predicted_Y_5,Predicted_Y_6,Predicted_Y_7,Predicted_Y_8,Predicted_Y_9,Predicted_Y_10,Error_Y_1 (%),Error_Y_2 (%),Error_Y_3 (%),Error_Y_4 (%),Error_Y_5 (%),Error_Y_6 (%),Error_Y_7 (%),Error_Y_8 (%),Error_Y_9 (%),Error_Y_10 (%)
33.18,48.0,51.0,72.0,256.0,12.409999999999998,1.29,0.64,317.0,36.0,19.0,46.0,220.0,21.5,49.0,0.253807008266449,0.5452979803085327,0.29149097204208374,34.70000076293945,60.20000076293945,96.19999694824219,0.34015482664108276,39.200000762939446,0.8848990201950073,75544.0,0.253928848952055,0.5336069560050963,0.2715084764361381,34.70600017547607,59.702000045776366,95.887999420166,0.31222854137420647,44.153000335693356,0.8934162575006487,22429.390000000007,0.048005248727446916,2.143969852377141,6.855270839420942,0.01728937292423617,0.827243705733752,0.32432176504543186,8.20987476280704,12.63520274580348,0.9625095193081344,70.30950174732605
33.8,48.0,50.0,76.0,258.0,12.4,1.25,0.65,322.0,33.0,18.4,40.0,22412.0,24.1,59.0,0.2448,0.5031,0.2583,36.5,62.29999999999999,96.5,0.289,44.0,0.877,53512.00000000001,0.24857665469551085,0.5257673489933015,0.2559157346315385,36.03499980163575,62.419999999999995,96.737,0.27442959875583645,48.69500019836426,0.8655654890394211,58126.53999999999,1.5427511011073782,4.505535478692401,0.92306053753832,1.2739731462034276,0.19261637239166063,0.2455958549222744,5.041661330160393,10.670454996282414,1.3038210901458271,8.623374196441892
33.8,50.0,52.0,74.0,256.0,12.4,1.25,0.65,350.0,33.0,18.4,40.0,22553.000000000004,24.1,59.0,0.2506,0.5305,0.2798,35.6,62.0,96.5,0.261,59.60000000000001,0.9689999999999999,53671.0,0.2490652197189331,0.5202433990707398,0.2557071396598816,36.01099981689454,62.12000000000001,96.86899999999999,0.27414193731307984,52.678000183105475,0.8693127591133116,59361.74999999997,0.6124422510242927,1.9333837755438594,8.610743509692057,1.1544938676812868,0.193548387096793,0.3823834196891042,5.035225024168518,11.614093652507606,10.28764095837856,10.60302584263377
32.48,52.0,53.0,78.0,256.0,12.7,1.29,0.64,306.0,31.0,18.0,37.0,2548.0,18.1,46.0,0.25768300890922546,0.5452380180358887,0.286577969789505,35.900001525878906,60.5,96.5,0.3416893184185028,46.70000076293945,0.871496021747589,72776.0,0.26055516794323924,0.5731271129846572,0.2930485373735427,35.305999755859375,61.17800010681152,96.5539992523193,0.3259082686901093,44.054000053405765,0.890905603170395,28329.159999999985,1.1146093978689757,5.115031238876826,2.257873342040353,1.6546009603685912,1.1206613335727553,0.0559577744241458,4.618537624013401,5.665954317571492,2.2271566293423204,61.07348576453777
34.7,50.0,52.0,76.0,258.0,12.7,1.29,0.64,310.0,30.0,17.8,38.0,2808.0000000000005,18.1,46.0,0.265159010887146,0.6093069911003113,0.26483601331710815,37.099998474121094,62.90000152587891,97.4000015258789,0.27764469385147095,41.900001525878906,0.8412219882011414,72216.0,0.2603113490343094,0.5727203074097633,0.2751079633831978,35.47999965667725,60.011000022888176,94.37599937438961,0.3178639608621597,44.620999870300295,0.8635099428892135,43461.14999999997,1.828209358836306,6.004638749422232,3.8786077231083684,4.366573811516097,4.5930070475469185,3.104724952890098,14.485876338124607,6.494029225132141,2.6494736229770197,39.81783815221007
32.53,49.0,50.0,76.0,257.0,12.7,1.29,0.64,317.0,29.0,17.0,39.0,11758.0,19.899999999999995,45.0,0.2724910080432892,0.595346987247467,0.3228559792041779,35.29999923706055,61.099998474121094,97.0999984741211,0.36226582527160645,50.29999923706055,0.9230939745903015,62666.0,0.27241665109992025,0.6049141305685043,0.3007794606685639,34.46599983215332,58.26499965667724,92.857999420166,0.3590912553668022,44.714000091552734,0.9089260041713715,48180.47000000001,0.027287852139738673,1.606986098186215,6.837884368761385,2.3626045975424,4.639932713982993,4.368691164383146,0.8763095173065619,11.105366262892712,1.5348351098508934,23.11545335588675
32.53,50.0,52.0,77.0,256.0,12.7,1.29,0.64,308.0,30.0,17.0,39.0,11749.0,19.899999999999995,45.0,0.279107004404068,0.6081529855728149,0.3283019959926605,36.20000076293945,59.29999923706055,97.0999984741211,0.36702209711074824,41.599998474121094,0.9825639724731446,63034.99999999999,0.2726461204886437,0.6057156884670256,0.29855749249458324,34.537999877929686,58.16599967956543,92.70199943542478,0.3579013228416443,44.39000007629396,0.9037553650140763,47777.200000000026,2.3148411947665735,0.40077039225478006,9.060104373761481,4.5911625690109865,1.9123095650672515,4.529350265508458,2.485074969846239,6.706734866609416,8.020710067427428,24.205282779408215
32.85,54.0,55.0,75.0,257.0,12.4,1.25,0.65,312.0,33.0,18.4,40.0,20970.0,24.3,60.0,0.2435,0.5252,0.24699999999999997,37.1,62.9,97.4,0.275,40.1,0.8520000000000001,55854.0,0.254156739906311,0.5364787996902467,0.25333637988662716,35.91799993896485,62.36699999999999,97.19599999999997,0.28006064577102663,51.66700006103516,0.8718709197044372,62920.63000000001,4.376484561113346,2.1475246934970866,2.565335986488742,3.185983992008502,0.8473767885532724,0.20944558521564285,1.8402348258278567,28.845386685873216,2.3322675709433223,12.65196762989224
33.8,52.0,54.0,75.0,256.0,12.4,1.25,0.65,321.0,33.0,18.4,40.0,21731.0,24.3,60.0,0.2439,0.5154,0.2649,36.2,62.9,95.0,0.251,53.0,0.8909999999999999,54793.0,0.25126917488288875,0.5281697496128083,0.255018974858284,35.98399992370606,62.28499999999999,96.923,0.27437830721378326,49.376000076293955,0.8703336496305465,63925.03999999999,3.0213919159035427,2.477638652077668,3.730096316238586,0.5966852936296815,0.9777424483306981,2.0242105263157915,9.314066619037153,6.837735705105745,2.319455709254031,16.666435493584935
33.87,52.0,54.0,71.0,260.0,12.409999999999998,1.29,0.64,308.0,35.5,18.9,46.0,905.9999999999999,21.099999999999998,49.0,0.24576500058174133,0.510932981967926,0.2651679813861847,35.599998474121094,59.90000152587891,95.5999984741211,0.303377628326416,47.0,0.8923519849777222,76830.0,0.25476109057664875,0.5393625342845916,0.2720099753141403,35.09300022125244,60.49400012969971,96.09199981689451,0.3083350935578346,45.613999938964845,0.8805335104465487,24158.089999999986,3.6604439092682455,5.564242928136165,2.5802489019181643,1.4241524567401604,0.9916503984798147,0.5146457642534431,1.6340905750916699,2.9489363000747977,1.324418472769858,68.5564362879084
33.87,51.0,52.0,73.0,258.0,12.409999999999998,1.29,0.64,310.0,32.7,19.0,46.0,1089.0,21.099999999999998,49.0,0.2617430090904236,0.5589969754219055,0.29725396633148193,35.29999923706055,60.5,96.5,0.32806718349456787,47.0,0.9562129974365234,75975.0,0.2541776007413864,0.5366074556112289,0.2718233858048917,34.95200012207031,60.25400020599365,96.05900001525875,0.30937707901000977,45.058999938964845,0.8796131783723832,23482.199999999997,2.8903955736306157,4.005302496275228,8.555169453393066,0.9858332082480112,0.40661122976256464,0.45699480284067723,5.697035675885446,4.129787363904584,8.010748574793892,69.09220138203356
32.48,43.0,48.0,75.0,261.0,12.7,1.29,0.64,314.0,35.0,17.6,38.0,2752.0,18.1,46.0,0.2752549946308136,0.6043949723243713,0.32913997769355774,35.29999923706055,59.59999847412109,95.9000015258789,0.37468859553337097,47.0,1.013260006904602,73232.0,0.25909518972039225,0.5615219485759736,0.2772845840454102,35.68999950408936,61.567999992370595,96.76099861145018,0.3172648811340332,46.693999671936034,0.8657226651906966,51571.28999999998,5.87084893122311,7.093544074914693,15.754814717897009,1.1048166443566356,3.3020160547554953,0.897807165664046,15.325717164568303,0.6510645277956728,14.560659722928943,29.57820351758797
32.11,48.0,50.0,77.0,258.0,12.7,1.29,0.64,312.0,37.0,17.4,37.0,2727.0,18.1,46.0,0.2722429931163788,0.5657550096511841,0.2935120165348053,37.099998474121094,62.90000152587891,96.19999694824219,0.31533342599868774,43.70000076293945,0.966484010219574,73497.0,0.2632421088218689,0.58149479418993,0.27722322344779965,35.53099941253662,60.59899982452392,94.60699958801266,0.3213624459505081,45.44599979400634,0.8801938748359681,53564.280000000006,3.3061950250679892,2.782084872469847,5.549617109142817,4.22910815664566,3.658190215477644,1.6559224644119284,1.9119507970732728,3.995421053968521,8.92825276685144,27.120453896077386
32.85,56.0,57.99999999999999,74.0,257.0,12.4,1.25,0.65,305.0,33.0,18.4,40.0,22461.0,24.3,61.0,0.2454,0.509,0.2636,35.0,60.8,97.4,0.305,49.7,0.9179999999999999,56163.0,0.24942847981262203,0.5277265993804933,0.25587575977325444,36.16699987792969,62.345000000000006,96.95599999999996,0.2670512915420532,50.65700012207031,0.8661018394088746,52062.22,1.6415973156568977,3.679096145480011,2.9302884016485433,3.334285365513401,2.541118421052646,0.45585215605754126,12.442199494408783,1.9255535655338125,5.653394399904716,7.30156864839841
34.75,47.0,48.0,76.0,256.0,12.7,1.29,0.64,316.0,36.0,17.0,39.0,9670.0,19.899999999999995,45.0,0.27067801356315613,0.5627310276031494,0.2920530140399933,37.400001525878906,61.400001525878906,97.69999694824219,0.3687114119529724,46.4000015258789,0.9475780129432677,65834.0,0.27975979179143906,0.6702170211076739,0.260525723695755,32.59999975204468,50.122999305725095,77.5639995956421,0.3401311293244362,39.317000007629396,0.9463372325897217,36660.33000000003,3.3551961272110935,19.10077607810992,10.79505734528081,12.834228818180307,18.366452670853395,20.61002864029503,7.751396268738634,15.265088976988645,0.1309422904075244,44.31398669380558
32.04,44.0,47.0,74.0,258.0,12.7,1.29,0.64,313.0,35.0,17.0,39.0,9622.0,19.899999999999995,45.0,0.2555530071258545,0.5515000224113464,0.29594701528549194,35.29999923706055,59.90000152587891,95.5999984741211,0.3373769521713257,42.79999923706055,0.8894619941711427,65522.0,0.2790550717711449,0.6400089097023011,0.28615960806608215,33.70099956512451,55.05799922943114,85.24399967193602,0.344791595339775,41.822000427246095,0.9104036080837249,36475.22000000001,9.196551787675169,16.04875497628514,3.3071484806049325,4.529744211034676,8.083476081976155,10.832634903219624,2.1977325720471943,2.2850439888970877,2.354413572453642,44.33133909221329
32.85,55.0,56.00000000000001,74.0,258.0,12.4,1.25,0.65,257.0,33.0,18.4,40.0,22325.0,24.3,61.0,0.2524,0.5241,0.2684,35.0,62.0,96.5,0.292,51.5,0.914,55999.0,0.24868034976577758,0.5265644992256165,0.25550094971656806,36.05599984741212,62.206999999999994,96.89899999999996,0.27025661442756654,50.696000152587885,0.8677772992610933,51406.659999999996,1.4737124541293336,0.4702345402817276,4.80590547072726,3.017142421177478,0.3338709677419252,0.41347150259063037,7.4463649220662465,1.5611647522565335,5.057188264650632,8.200753584885451
32.82,55.0,56.00000000000001,74.0,256.0,12.409999999999998,1.29,0.64,314.0,29.2,19.5,45.0,1189.0,21.099999999999998,47.99999999999999,0.23116399347782135,0.47055900096893316,0.23939500749111176,34.400001525878906,59.90000152587891,95.5999984741211,0.25362297892570496,43.099998474121094,0.7269200086593628,77135.0,0.2509322303533554,0.5232571375370024,0.26937696903944014,34.68800022125244,59.73499996185303,95.93000099182129,0.3096352544426918,46.63100036621095,0.8729745948314668,41601.08000000002,8.5516072715843,11.199049738621078,12.524054641967231,0.8372054726708995,0.2754617025420262,0.34519092360605613,22.08485830197381,8.192580086075884,20.09225010073229,46.067180916574806
33.87,54.0,55.0,73.0,258.0,12.409999999999998,1.29,0.64,312.0,26.2,18.9,45.0,1056.0,21.099999999999998,47.99999999999999,0.2560670077800751,0.5327979922294617,0.2756589949131012,35.0,60.20000076293945,97.4000015258789,0.31097763776779175,50.900001525878906,0.8892199993133545,76968.0,0.25448612093925477,0.5347948741912841,0.2718233147263528,34.937000045776365,60.16100021362305,96.00200042724606,0.3082354176044464,46.4900001525879,0.8904731070995332,31041.04,0.6173723255196005,0.37479157034106425,1.3914583806552596,0.17999986921038516,0.06478496482082283,1.4353193806279374,0.881806223440729,8.664049589564042,0.14092213255958527,59.670200602847935
32.11,50.0,52.0,76.0,256.0,12.7,1.29,0.64,318.0,29.0,17.1,38.0,4161.0,18.1,47.0,0.2534799873828888,0.540677011013031,0.2871970236301422,35.0,62.0,97.0999984741211,0.31137678027153015,47.299999237060554,0.90665602684021,73863.0,0.25864915817976,0.557896592617035,0.2755357810854912,35.91499923706055,61.79000019073486,96.98899940490719,0.3170429459214211,45.481999397277825,0.8577338594198225,57528.09000000001,2.0392816214966114,3.184818524416406,4.060363299470881,2.6142835344587114,0.33870936978248684,0.11431418224325393,1.8197136102922975,3.8435515203101476,5.395890610343845,22.115145607408294
32.66,51.0,52.0,77.0,256.0,12.7,1.29,0.64,310.0,27.999999999999996,17.4,38.0,4330.0,18.1,47.0,0.27033600211143494,0.5661290287971497,0.2957930266857147,35.599998474121094,61.099998474121094,95.30000305175781,0.3025550842285156,51.5,0.9450139999389648,73994.0,0.2582996581494808,0.5560325154662132,0.2777266398072243,35.86399951934815,61.714999885559074,97.0639994049072,0.3187968829274178,45.88999954223633,0.8579906821250914,56169.440000000024,4.452364416113783,1.7834297160822874,6.107779848943596,0.7415760015241748,1.00654898002733,1.8509929660666926,5.368212119230158,10.893204772356638,9.208680275582577,24.089196421331426
32.79,47.0,49.0,76.0,258.0,12.4,1.25,0.65,322.0,33.0,18.4,40.0,20730.0,24.3,61.0,0.2654,0.5539,0.2618,36.2,61.400000000000006,97.4,0.289,53.6,0.9320000000000002,59093.99999999999,0.25207024935293193,0.5351908278999328,0.25856365921449664,35.84899959564209,62.2729999923706,96.97999999999998,0.2798954128313064,48.569000381469735,0.8740214779520035,48306.89000000002,5.022513431449922,3.3777165734008263,1.2361882297568119,0.9696143766793137,1.4218240918087859,0.4312114989733369,3.150376182938947,9.386193318153483,6.220871464377327,18.254154398077592
32.79,43.0,47.0,71.0,260.0,12.4,1.25,0.65,317.0,33.0,18.4,40.0,24231.0,24.3,61.0,0.2392,0.5093,0.2701,35.0,60.8,97.1,0.276,56.0,0.9629999999999999,56433.0,0.2522917340381145,0.5353001066675186,0.2654180134620667,35.58799940490723,61.51400001525877,96.5419999542236,0.2869754567313194,47.867000679016115,0.8886301371622086,27585.800000000003,5.4731329590779705,5.105067085709527,1.7334270780945134,1.6799982997349412,1.174342130359829,0.5746653406554025,3.9766147577244157,14.52321307318551,7.722727189801791,51.11760849148548
34.75,49.0,51.0,75.0,258.0,12.7,1.29,0.64,310.0,27.999999999999996,17.0,39.0,10468.0,19.7,45.0,0.2757749855518341,0.6099979877471924,0.3342230021953583,34.400001525878906,58.400001525878906,95.0,0.4179112911224365,45.79999923706055,1.0170999765396118,66536.0,0.2751950013637543,0.6277790963649751,0.28938740372657773,34.219999656677246,56.140999374389665,88.54999946594235,0.3542714396119119,42.26600021362306,0.9167191588878629,47572.79000000002,0.21031065849545472,2.9149454547302387,13.414875150506091,0.5232612244689769,3.8681542679210463,6.789474246376474,15.228076594819717,7.7161552015438435,9.869316681459924,28.50067632559814
34.75,51.0,52.0,76.0,256.0,12.7,1.29,0.64,305.0,27.999999999999996,17.0,39.0,10385.0,19.7,45.0,0.2718130052089691,0.5806459784507751,0.30883297324180603,35.0,60.20000076293945,98.30000305175781,0.3467777371406555,48.5,0.9350910186767578,66799.0,0.27459422051906585,0.6294261974096299,0.2847051540017128,34.02799962997437,55.10899932861329,86.36899944305416,0.35550673097372054,41.64200008392334,0.9075197857618331,47866.77000000003,1.0232090653493708,8.401025886548899,7.812578749873943,2.7771439143589505,8.456812906654159,12.137337984029998,2.5171724993189173,14.140206012529191,2.9485079381834502,28.3420859593706
32.82,42.0,46.0,72.0,260.0,12.409999999999998,1.29,0.64,323.0,34.0,19.5,45.0,91.0,21.0,47.99999999999999,0.25972598791122437,0.5278949737548828,0.26278501749038696,35.0,61.099998474121094,96.19999694824219,0.27702242136001587,38.0,0.8725910186767578,78895.0,0.254429190158844,0.5385936319828033,0.275573142170906,34.58600021362304,59.725999946594236,95.7229997253418,0.31820321738719937,43.67900051116943,0.8929699099063876,22207.749999999996,2.0393791915003963,2.0266641585582117,4.866382719474046,1.1828565325056062,2.248770150311567,0.49583912477360004,14.865510100233115,14.944738187287964,2.335445906896151,71.85151150263009
32.05,46.0,49.0,71.0,259.0,12.409999999999998,1.29,0.64,317.0,35.1,19.7,45.0,11.0,21.0,47.99999999999999,0.24164600670337677,0.5181840062141418,0.27653801441192627,35.29999923706055,60.79999923706054,96.19999694824219,0.3067336082458496,50.29999923706055,0.8590329885482788,79093.0,0.2532339204847812,0.5373177927732468,0.2734189516305923,34.64600011825561,59.44099998474121,95.33299957275388,0.3155596393346786,44.65700046539307,0.9061041092872619,23467.969999999998,4.795408763211528,3.69246953392031,1.1278965707361468,1.8526887618692165,2.2351961667311224,0.9012447016550061,2.877425509158707,11.218685600913037,5.479547510571261,70.32863843829415
34.01,52.0,54.0,78.0,258.0,12.4,1.25,0.65,321.0,33.0,18.4,40.0,20787.0,24.5,61.0,0.2241,0.4590000000000001,0.2349,35.6,61.7,95.6,0.262,49.1,0.822,59637.0,0.24942739460182187,0.5285971486835479,0.25912811451816564,35.78599974060059,62.29400000000002,96.85999999999997,0.2766602445268631,48.27800025939941,0.8793664087438583,49137.389999999985,11.301827131558177,15.162777490969024,10.314224997090525,0.5224711814623202,0.9627228525121805,1.317991631799139,5.5955131781920215,1.6741338912435615,6.9788818423185335,17.605865486191483
34.01,49.0,52.0,74.0,257.0,12.4,1.25,0.65,309.0,33.0,18.4,40.0,20899.0,24.5,61.0,0.2695,0.5646,0.2747,35.3,62.29999999999999,96.2,0.245,46.7,1.018,59224.99999999999,0.25064374436759945,0.5335596479091644,0.26081706423473366,35.9839995880127,62.256,96.67699999999998,0.27941685895442964,48.63500041198731,0.8794937080049516,45380.080000000016,6.996755336697798,5.497759846056598,5.05385357308567,1.9376758867215398,0.07062600321025655,0.4958419958419703,14.047697532420262,4.143469832949273,13.605726129179605,23.376817222456697
32.36,45.0,47.0,76.0,260.0,12.7,1.29,0.64,315.0,37.0,17.6,38.0,4460.0,18.2,47.0,0.2603740096092224,0.5399209856987,0.27954697608947754,35.0,60.79999923706054,95.5999984741211,0.31504401564598083,43.400001525878906,0.886473000049591,75064.0,0.2627921894192696,0.5882742583751679,0.27117461085319516,34.92799928665162,58.97000011444091,92.4019989776611,0.32178758069872865,45.895999450683604,0.9084103649854659,52630.98000000002,0.9287331764320262,8.955620166142463,2.9949761408267013,0.20571632385251554,3.0098670157616705,3.345187811196145,2.1405152035408435,5.751147089975017,2.474679424488702,29.885191303421056
32.66,42.0,45.0,74.0,261.0,12.7,1.29,0.64,321.0,33.0,17.4,38.0,5835.999999999999,18.2,47.0,0.2758679986000061,0.5739160180091858,0.2876570224761963,37.400001525878906,63.20000076293945,98.30000305175781,0.3002662658691406,55.099998474121094,0.965982973575592,74828.0,0.2592035901546478,0.579912093579769,0.27281959384679794,35.15299989700318,59.63000003814699,94.60399955749511,0.31547084093093875,47.09599971771241,0.9041593599319457,48685.780000000006,6.040718216657246,1.0447653284504193,5.158027605818716,6.008025500536191,5.648735255848156,3.7599220544445395,5.063697387979122,14.52631393477794,6.40007281026971,34.93641417651146
32.05,49.0,51.0,73.0,260.0,12.409999999999998,1.29,0.64,311.0,34.5,19.7,45.0,0.0,20.8,47.99999999999999,0.24683499336242676,0.5220990180969238,0.27526402473449707,34.70000076293945,60.79999923706054,97.0999984741211,0.28437724709510803,47.299999237060554,0.8697230219841003,79524.0,0.2547659106552601,0.5398915249109268,0.27456467419862746,34.8050001335144,59.81299987792969,95.58199981689451,0.3148515754938125,45.16100028991699,0.9075123071670533,21856.409999999996,3.21304414126907,3.4078797694080265,0.2540653601734425,0.3025918393842992,1.6233542294672016,1.563335407910597,10.71616267123949,4.5221965785310445,4.344979289698949,72.51595744680851
32.05,51.0,53.0,73.0,258.0,12.409999999999998,1.29,0.64,307.0,36.0,19.0,44.0,162.0,20.8,47.99999999999999,0.24838300049304962,0.5368409752845764,0.288457989692688,35.29999923706055,60.20000076293945,96.5,0.30377763509750366,50.0,0.9329580068588257,79662.0,0.25646405056118965,0.5416714906692505,0.27087920844554897,35.13499994277954,60.55100006103516,95.92099945068354,0.3050295847654343,46.04900001525878,0.8963935893774031,11811.870000000003,3.2534634222546788,0.8998037793433,6.094052470471272,0.46742010721570126,0.5830553050620415,0.6000005692398563,0.412127004520524,7.901999969482447,3.919192205073757,85.17251638171274
32.94,38.0,43.0,79.0,258.0,12.7,1.29,0.64,308.0,36.0,17.0,39.0,12796.999999999998,19.6,45.0,0.2933099865913391,0.7026000022888184,0.2614949941635132,31.399999618530273,54.79999923706055,93.80000305175781,0.35813307762145996,32.0,0.8153449892997741,67327.0,0.27122341960668567,0.6162909132242202,0.28680247336626064,33.56299982070923,55.40599956512451,87.25099952697751,0.3498137706518174,43.19900009155274,0.9102912205457688,42712.55000000001,7.530110802338981,12.284242639259054,9.677997578386778,6.888535759416035,1.1058400301110463,6.981879863230532,2.3229652577458686,34.996875286102316,11.6449150349885,36.55955263118807
32.94,32.0,38.0,77.0,260.0,12.7,1.29,0.64,311.0,34.0,17.0,39.0,12625.0,19.6,45.0,0.34020599722862244,0.736598014831543,0.39639201760292053,34.099998474121094,58.099998474121094,95.0,0.46042194962501526,48.79999923706055,1.254830002784729,67199.0,0.2726500682532788,0.6068427813053131,0.2990199431777002,33.982999610900876,57.49099948883056,92.06600006103513,0.357002632021904,44.57600017547608,0.907529390454292,44315.299999999996,19.857359813073856,17.615474236093938,24.564590128240493,0.34310518608676643,1.0481910521250593,3.088420988384078,22.461856496489744,8.655735917259198,27.677104592630446,34.05363175047248
33.35,55.0,56.00000000000001,77.0,257.0,12.4,1.25,0.65,257.0,33.0,18.4,40.0,22017.0,24.1,60.0,0.2392,0.4983000000000001,0.2263,36.8,64.1,97.1,0.266,47.599999999999994,0.762,59907.00000000001,0.24818686995315553,0.5234808998451234,0.2508111899433136,36.20299996948243,62.33979999999999,96.83899999999997,0.2673053228855133,51.59200003051757,0.8520054598522186,59885.51999999997,3.757052656001478,5.053361397777098,10.831281459705517,1.6222826916238324,2.7460218408736425,0.2687950566426613,0.4907228892907035,8.38655468596129,11.811740138086435,0.03585557614308775
33.3,54.0,55.0,76.0,256.0,12.4,1.25,0.65,312.0,33.0,18.4,40.0,21546.0,24.1,60.0,0.2405,0.4866,0.2412,36.5,62.6,98.0,0.242,56.6,0.857,59777.99999999999,0.2560033049297332,0.5367198497676849,0.25770478491497034,35.94799995422365,62.288000000000004,97.06099999999996,0.2816529843282699,50.72200004577637,0.882968189778328,65783.28000000001,6.446280636063713,10.300010227637683,6.842779815493509,1.5123288925379534,0.4984025559105393,0.9581632653061587,16.385530714161124,10.385158929723733,3.030127161998605,10.045970089330558
32.49,49.0,50.0,77.0,258.0,12.7,1.29,0.64,311.0,36.0,17.6,37.0,3986.0,18.3,46.0,0.3540210127830506,0.8643590211868286,0.4586549997329712,35.900001525878906,61.70000076293946,96.80000305175781,0.4823332726955414,52.400001525878906,1.2288000583648682,76378.0,0.2625837098062038,0.5698403143882751,0.280001850426197,35.62399925231934,61.33999980926513,96.01699951171874,0.32181023061275493,46.87699989318848,0.8765035521984099,53900.26,25.828213488808053,34.073654532367534,38.95153206893765,0.7688085287701464,0.5834699339105474,0.8088879290844783,33.280524311685184,10.540079144774007,28.669961705181713,29.429600146639086
32.36,47.0,49.0,75.0,258.0,12.7,1.29,0.64,316.0,34.0,17.6,38.0,3827.0,18.3,46.0,0.2676039934158325,0.5472139716148376,0.27153003215789795,36.5,62.29999923706055,96.5,0.30453330278396606,46.099998474121094,0.8776779770851135,76237.0,0.2583685310184955,0.5557101863622667,0.27741395220160486,35.518999366760255,61.49000011444092,96.79999877929684,0.315544192492962,47.626999664306645,0.8605368220806121,53288.990000000005,3.4511676299934533,1.552631180515464,2.166950004368336,2.687672967780123,1.3001591212504917,0.31087956403817885,3.6156602934185473,3.3123671165472066,1.9530118622127786,30.10088277345645
32.98,37.0,41.0,70.0,258.0,12.4,1.25,0.65,310.0,27.999999999999996,21.999999999999996,54.99999999999999,2222.0,21.7,71.0,0.245,0.5171,0.2625,35.6,61.400000000000006,96.2,0.295,48.8,0.91,78442.0,0.24824177997398375,0.5323389997549057,0.260750779756546,35.477,61.60539998474123,97.28299998474118,0.2788488887643814,46.1,0.9137479297447203,70702.50999999998,1.323175499585206,2.9470121359322614,0.6663696165539164,0.3455056179775412,0.33452766244499527,1.1257796099180648,5.474952961226636,5.532786885245893,0.41186041150772185,9.866512837510543
33.68,33.0,37.0,71.0,260.0,12.4,1.25,0.65,319.0,27.999999999999996,21.999999999999996,54.99999999999999,1019.0,21.7,71.0,0.24029999999999999,0.5017,0.2614,35.9,62.6,97.1,0.277,40.7,0.8920000000000001,77605.0,0.24716705990123747,0.5304237594032288,0.2602054597687721,35.45900000762939,61.58599996948244,97.16899990844725,0.2783206605744362,45.4910000076294,0.9082452895116805,71541.85999999997,2.8577028303110623,5.725285908556667,0.4569779002402246,1.2284122350156177,1.6198083554593685,0.07106066781385503,0.4767727705545828,11.771498790244223,1.8212207972735828,7.812821338831298
33.93,53.0,55.0,74.0,259.0,12.409999999999998,1.29,0.64,313.0,25.5,19.0,44.0,1348.0,20.5,47.99999999999999,0.25245100259780884,0.5315549969673157,0.27910399436950684,34.400001525878906,60.79999923706054,97.0999984741211,0.29795560240745544,44.0,0.8493170142173767,80276.0,0.25754390195012095,0.5436229985952377,0.2734155064821244,35.365999717712405,60.90800048828124,96.32299987792963,0.3042227566242218,47.31499992370606,0.8998882693052294,21372.04999999999,2.0173813135635816,2.2703204177881195,2.0381248574505886,2.808134154025501,0.17763363910515834,0.8002045400634539,2.1033852581150736,7.534090735695593,5.9543438128874335,73.37678758283921
33.93,55.0,56.00000000000001,72.0,258.0,12.409999999999998,1.29,0.64,308.0,30.5,19.3,44.0,1476.0,20.5,47.99999999999999,0.2494339942932129,0.5350189805030823,0.2855849862098694,32.900001525878906,59.0,95.5999984741211,0.3181785643100739,41.900001525878906,0.8800860047340393,80448.0,0.2543204797804356,0.5302194046974181,0.2662075781822204,35.25499988555909,60.41600032806397,96.32300025939938,0.29992688387632366,47.31499977111817,0.8667754566669464,28508.769999999997,1.959029482356192,0.8970851466149987,6.7851634236153435,7.158049393486368,2.400000556040632,0.7562780301445314,5.736301084055265,12.923623026349459,1.5124144680740939,64.56248756961018
32.17,46.0,49.0,77.0,258.0,12.7,1.29,0.64,311.0,37.0,18.6,37.0,12974.0,19.2,46.0,0.26791998744010925,0.574114978313446,0.3061949908733368,35.900001525878906,61.099998474121094,96.19999694824219,0.3466451168060302,39.200000762939446,0.9195089936256409,67750.0,0.26473948925733565,0.5810546368360519,0.29326255276799196,35.165,60.433999977111824,95.48299964904781,0.3341213378310203,43.892000083923335,0.8770658254623414,44847.00999999998,1.1871074693464494,1.208757615589852,4.223595581514453,2.0473579237846917,1.0900139339469102,0.7453194614758005,3.612853136488213,11.96938578996103,4.615851335607423,33.80515129151295
32.17,43.0,46.0,75.0,260.0,12.7,1.29,0.64,316.0,36.0,18.0,38.0,12802.000000000002,19.2,46.0,0.2722949981689453,0.5736610293388367,0.2336999773979187,33.79999923706055,52.70000076293945,92.5999984741211,0.3689783215522766,38.900001525878906,0.6814669966697693,67622.0,0.26329365760087964,0.5787218463420868,0.2900324276089669,34.88900020599365,60.14000015258789,95.13199966430663,0.32890094161033623,44.708000373840335,0.8774743175506592,43589.76999999999,3.305731147687405,0.8821964094515671,24.104602335982044,3.2218964305154607,14.117645696279594,2.7343425830543158,10.861716692009573,14.93058771243892,28.762555169766014,35.53907012510723
32.49,51.0,52.0,78.0,256.0,12.7,1.29,0.64,307.0,27.999999999999996,17.6,37.0,4239.0,18.3,46.0,0.2559739947319031,0.5776190161705017,0.2627760171890259,36.79999923706055,63.5,95.9000015258789,0.28871065378189087,66.5,0.8344709873199464,77925.0,0.25879829868674276,0.5592264577746392,0.2766226105391979,35.79199954986572,61.38500011444091,96.63799945831298,0.3193840250372887,45.50599960327148,0.862142400741577,54483.32000000003,1.1033558146395859,3.184202368855771,5.269352012520831,2.7391296415563207,3.3307084811954124,0.7695494480622282,10.62426025974445,31.569925408614306,3.3160425996956846,30.082361244786615
32.49,50.0,51.0,77.0,256.0,12.7,1.29,0.64,313.0,27.999999999999996,17.6,37.0,4422.0,18.3,46.0,0.2454890012741089,0.524200975894928,0.26065200567245483,35.900001525878906,61.099998474121094,96.5,0.3194214105606079,42.79999923706055,0.7593939900398254,77442.0,0.2591058485209942,0.5579899969697,0.2782733409106731,35.83099945068359,61.60400005340575,96.91699951171873,0.32139789015054704,45.79399959564209,0.8689494895935058,54486.800000000025,5.546825795132463,6.445814225562361,6.760483270695364,0.19220632942194532,0.8248798557632118,0.43212384634065115,0.6187686625233614,6.995328065307622,14.42670089447704,29.64179644120758
32.17,49.0,50.0,74.0,257.0,12.409999999999998,1.29,0.64,311.0,27.0,18.8,41.0,1014.0,18.7,50.0,0.27668899297714233,0.6270970106124878,0.277055025100708,35.29999923706055,60.20000076293945,97.4000015258789,0.3147561252117157,44.0,0.9439619779586792,82110.0,0.2524838523566723,0.5430021214485168,0.2777396503090858,35.146999778747556,60.80599987030028,96.23000061035155,0.3048464518785477,44.684000358581535,0.8868510353565217,27175.41,8.748140054299032,13.410188175165313,0.24710802777497057,0.4334262368832021,1.006643022725504,1.2012329540020463,3.1483655247383724,1.5545462695034893,6.050131672216304,66.90365363536719
32.17,46.0,49.0,72.0,258.0,12.409999999999998,1.29,0.64,315.0,26.0,18.8,41.0,2332.0,18.7,50.0,0.26045501232147217,0.5691949725151062,0.28780597448349,35.599998474121094,60.5,94.69999694824219,0.3329101800918579,41.900001525878906,0.9316650032997131,81932.0,0.25207926273345943,0.5423217284679412,0.277515917867422,35.023999824523926,60.70100002288819,96.22400054931641,0.30590976178646084,44.89400024414063,0.8876726049184799,31373.870000000017,3.2158143217742303,4.7212722080836285,3.5753450339364847,1.61797380417272,0.3322314427903932,1.609296357113046,8.110421344864553,7.14558140627399,4.721911655522502,61.70742811111651
33.35,45.0,48.0,73.0,259.0,12.4,1.25,0.65,326.0,33.0,18.4,40.0,22444.999999999996,24.0,61.0,0.2317,0.47800000000000004,0.2359,35.0,62.29999999999999,97.1,0.304,51.8,0.7729999999999999,60079.0,0.24879401460266112,0.5216798680953979,0.25642329401683817,35.7619997329712,62.098999984741226,96.77599993896483,0.2711220131969452,47.79200029754638,0.8680856186389925,46785.23,7.377649806931867,9.138047718702481,8.699997463687227,2.1771420942034223,0.3226324482484168,0.33367668489718266,10.81512723784698,7.737451163037871,12.30085622755402,22.12714925348291
32.77,48.0,50.0,76.0,257.0,12.4,1.25,0.65,326.0,33.0,18.4,40.0,22226.0,24.0,61.0,0.2601,0.541,0.2808,35.6,60.8,94.7,0.266,41.0,0.98,60298.0,0.24925665469551084,0.5221303489933014,0.2538437346315384,35.734999801635745,62.288000000000004,97.03099999999999,0.2741695987558365,49.20500019836425,0.8671754890394211,50935.91000000002,4.168913996343391,3.4879207036411612,9.599809604152982,0.37921292594309886,2.4473684210526425,2.4614572333685203,3.0712777277580843,20.01219560576647,11.51270520005907,15.52636903379877
34.2,47.0,49.0,71.0,258.0,12.409999999999998,1.29,0.64,318.0,31.6,19.5,43.0,34.0,20.5,49.0,0.24828100204467773,0.5376009941101074,0.2893199920654297,33.20000076293945,60.20000076293945,96.80000305175781,0.31595462560653687,52.70000076293945,0.9453089833259584,82558.0,0.26075154855847366,0.5531690740585326,0.28681310623884193,35.005999832153314,60.31400020599365,96.28399932861323,0.32319223195314406,42.84199996948242,0.9104610872268677,24525.33,5.022755028011313,2.895842849806299,0.8664751470132851,5.43975610756571,0.1893678432050424,0.5330616806578791,2.290710678064355,18.705883587746612,3.6864027226825296,70.29321204486543
34.2,44.0,47.0,75.0,260.0,12.409999999999998,1.29,0.64,325.0,30.6,19.5,44.0,51.0,20.5,49.0,0.2519890069961548,0.5258979797363281,0.27390897274017334,33.20000076293945,58.70000076293946,95.30000305175781,0.29384392499923706,48.20000076293945,0.9047819972038268,82275.0,0.25898070842027665,0.5524864900112151,0.28352768436074255,35.00299987792969,60.48200000762938,96.39199935913082,0.3203117510676383,42.767000083923335,0.8995850610733032,27463.01000000001,2.7746057288239383,5.0558304651061325,3.5116453193716293,5.430720101075692,3.0357738015822906,1.1458512826908738,9.007443685783185,11.271785462695476,0.5743854482720085,66.6204679428745
32.98,43.0,47.0,75.0,258.0,12.4,1.25,0.65,308.0,30.0,21.999999999999996,54.99999999999999,264.0,21.9,69.0,0.2672,0.5844,0.2736,36.5,62.9,96.2,0.282,49.1,0.9489999999999998,80988.0,0.2552120601191521,0.5514972695960999,0.2668947397437095,35.67800000762939,61.72099998474121,97.18700001525873,0.2972191061329842,49.8429999847412,0.9384742001056671,73197.41000000002,4.486504446425112,5.63017289594458,2.450753017650049,2.2520547736181014,1.8744038398390883,1.0259875418489912,5.396846146448304,1.5132382581287094,1.1091464588338018,9.619437447523067
32.98,40.0,43.0,73.0,257.0,12.4,1.25,0.65,320.0,30.0,21.999999999999996,54.99999999999999,1542.0,21.9,69.0,0.2561,0.5577,0.28,36.2,63.5,95.9,0.271,55.4,0.894,78582.0,0.24832703995537755,0.5328502694749833,0.2612347893462181,35.49600000762939,61.59899999237063,97.0799999694824,0.28197667504310603,46.30900001525879,0.9137889398431777,66635.41999999998,3.035126920977134,4.4557522906610565,6.701860947779267,1.9447513601398119,2.993700799416332,1.2304483519107354,4.05043359524207,16.40974726487583,2.213527946664166,15.202692728614716
32.77,52.0,53.0,77.0,257.0,12.4,1.25,0.65,310.0,33.0,18.4,40.0,22973.0,24.1,60.0,0.2293,0.46610000000000007,0.23679999999999998,36.2,62.29999999999999,98.0,0.272,43.1,0.816,61351.0,0.2529461748828888,0.5338067496128083,0.254206974858284,36.17899992370606,62.451,96.767,0.27168830721378323,51.505000076293946,0.8682036496305465,60810.81999999999,10.312330956340507,14.526228194123192,7.350918436775335,0.0580112604805094,0.24237560192618057,1.2581632653061268,0.11459293610911338,19.501160269823536,6.397506082174827,0.8804746458900549
32.77,50.0,52.0,77.0,258.0,12.4,1.25,0.65,320.0,33.0,18.4,40.0,22803.0,24.1,60.0,0.2553,0.5217,0.2649,35.9,62.6,95.3,0.239,55.4,0.941,61221.0,0.25297508967208854,0.5356682989158631,0.25630332960319524,36.04099978637696,62.371999999999986,96.93499999999997,0.2740372601985931,50.76200021362306,0.8675382189655304,59084.109999999986,0.9106581777953345,2.6774581015647003,3.2452511879217756,0.3927570651168774,0.3642172523961913,1.7156348373556944,14.65994150568749,8.371840769633462,7.806778005788474,3.4904526224661696
31.28,44.0,47.0,76.0,260.0,12.7,1.29,0.64,311.0,36.0,17.6,37.0,3876.0,18.1,47.0,0.24109899997711182,0.5425000190734863,0.26522499322891235,37.400001525878906,63.20000076293945,96.80000305175781,0.2790224850177765,58.099998474121094,0.7794420123100282,79248.0,0.263127919882536,0.5742731308937074,0.27913601964712137,35.650999298095705,61.4449998474121,96.05899909973144,0.3188291916251183,46.40899971008301,0.8761545431613923,57463.21000000002,9.13687734396054,5.856794599654582,5.244990771364668,4.676476354079773,2.776900149274189,0.7654999263069953,14.266487019784707,20.12220149927455,12.407918655133523,27.489387744801103
31.28,41.0,44.0,75.0,261.0,12.7,1.29,0.64,314.0,35.0,17.6,37.0,6206.0,18.1,47.0,0.24629500508308408,0.522367000579834,0.2760719954967499,35.29999923706055,61.400001525878906,96.5,0.31271103024482727,43.099998474121094,0.8273890018463135,78058.0,0.26522018641233436,0.5963056030869484,0.2858988514542579,35.03900009155274,59.81599983215332,94.60400047302245,0.3264094761013985,45.512000389099114,0.9290831470489506,41118.54999999999,7.683948492120715,14.154531665484532,3.5595265430041523,0.739374365860592,2.579807254659373,1.964766349199531,4.380544506487808,5.596292344247482,12.29097135394684,47.323080273642695
32.96,40.0,44.0,71.0,260.0,12.409999999999998,1.29,0.64,322.0,34.0,18.8,41.0,1307.0,18.9,51.0,0.2398959994316101,0.4940069913864135,0.25411099195480347,33.79999923706055,59.59999847412109,95.9000015258789,0.26664432883262634,40.70000076293945,0.8162829875946046,82417.0,0.24794897302985192,0.5339182785153389,0.27158003732562064,34.81400020599365,60.2539995956421,96.17600006103514,0.3063378530740738,44.5490007019043,0.8695652973651887,12231.539999999999,3.3568603133532293,8.07909358062236,6.874572892905097,3.0000029343825734,1.09731734608179,0.2877982594001883,14.886318570969207,9.457002129763254,6.527431121355923,85.1589599233168
32.96,44.0,47.0,73.0,257.0,12.409999999999998,1.29,0.64,317.0,38.0,18.8,42.0,351.00000000000006,18.9,51.0,0.2530359923839569,0.531711995601654,0.27867600321769714,33.79999923706055,60.79999923706054,97.0999984741211,0.2927553951740265,47.0,0.8823220133781434,83673.0,0.25173798099160194,0.5423075127601623,0.2707145398855209,34.92499992370605,59.758999748229996,95.20099929809568,0.305217633843422,44.30300060272217,0.8996991908550264,16044.790000000003,0.5129750041193217,1.9927173443809552,2.856888731089224,3.3284044734888094,1.7121702333772464,1.955714939101189,4.25687754174006,5.738296589952826,1.9694824807046354,80.82441169791927
33.4,49.0,50.0,77.0,256.0,12.7,1.29,0.64,316.0,30.0,19.0,36.0,14059.999999999998,19.0,46.0,0.2894589900970459,0.6162009835243225,0.31306999921798706,36.5,61.70000076293946,96.80000305175781,0.38515639305114746,46.4000015258789,0.9318709969520569,68044.0,0.27012162879109386,0.6032899802923203,0.3018232384324074,35.36900005340576,60.779000091552746,95.50399978637692,0.34017835468053814,43.70000019073487,0.8910278433561325,52772.89999999999,6.6805184732624365,2.0952584590434378,3.5924109028884263,3.098629990669142,1.4927077147459615,1.338846306324941,11.677863637235898,5.818968203348324,4.3829192806207375,22.4429780730116
33.4,50.0,51.0,79.0,257.0,12.7,1.29,0.64,306.0,30.0,18.8,36.0,14212.000000000002,19.0,46.0,0.27129098773002625,0.5728830099105835,0.3015920221805572,35.0,60.5,95.9000015258789,0.363556295633316,47.900001525878906,0.846798002719879,68192.0,0.2694147089123726,0.60058168053627,0.30055938065052024,35.35400005340576,60.80600002288819,95.61799980163569,0.3394428184628487,43.73299999237061,0.8934667849540712,52371.30999999999,0.6916111859641977,4.834961090923222,0.342396832174406,1.0114287240164646,0.5057851617986642,0.29405810193560505,6.632666648905519,8.699376619553957,5.5112059882396975,23.200214101360878
31.71,49.0,52.0,70.0,256.0,12.409999999999998,1.29,0.64,311.0,35.7,19.5,43.0,1224.0,20.4,47.99999999999999,0.26448899507522583,0.5427169799804688,0.2782279849052429,34.400001525878906,59.29999923706055,96.5,0.29446715116500854,43.400001525878906,0.9570310115814209,83040.0,0.2583810573816299,0.5449318701028824,0.27399836510419845,35.105000209808345,60.56300041198731,95.78299957275384,0.30531028077006334,45.81499973297119,0.8999506247043612,9132.949999999999,2.309335287034795,0.4081114474239066,1.5201992720052828,2.049414687958874,2.1298502380712168,0.7430056240892876,3.6822883510625264,5.564511802268594,5.9643194615751005,89.00174614643545
31.71,52.0,53.0,73.0,258.0,12.409999999999998,1.29,0.64,314.0,38.8,17.7,43.0,139.0,20.4,47.99999999999999,0.2540850043296814,0.5450170040130615,0.2909319996833801,35.0,61.400001525878906,95.9000015258789,0.3345559537410736,39.200000762939446,0.9096490144729614,83263.0,0.26305620938539503,0.6460707777738571,0.2632243818044662,33.214999961853025,53.08999973297119,81.23599929809569,0.3056029319763183,43.261999931335446,1.1843176043033599,23696.909999999996,3.5307888709848,18.54139834477051,9.523743661428776,5.100000108991359,13.53420453809796,15.29093012978325,8.654164255932866,10.362242574842764,30.195007685413454,71.53968749624684
34.21,47.0,50.0,75.0,256.0,12.409999999999998,1.29,0.64,311.0,36.0,19.0,41.0,523.0,20.5,49.0,0.2397339940071106,0.5207890272140503,0.2810550332069397,34.70000076293945,60.5,96.80000305175781,0.3049781322479248,50.900001525878906,0.9076210260391235,83801.0,0.25893194720149043,0.5514716017246245,0.28294565692543977,35.07499988555908,60.602000007629385,96.43099952697752,0.31571355402469625,42.85999980926513,0.8954576206207275,31031.00000000004,8.008022923027937,5.891555487393807,0.6726880842258443,1.0806890904167832,0.1685950539328685,0.38120197639146247,3.520062798484299,15.795680698606706,1.3401414323197587,62.97060894261399
34.21,50.0,52.0,74.0,257.0,12.409999999999998,1.29,0.64,308.0,37.0,19.0,41.0,285.0,20.5,49.0,0.26941999793052673,0.5906149744987488,0.28261998295783997,36.5,63.20000076293945,97.0999984741211,0.29966798424720764,41.900001525878906,0.8946939706802368,84339.0,0.256954837590456,0.545140950679779,0.28163767516613,35.014999809265134,60.29300014495849,96.26899971008297,0.31778884291648857,43.904000015258795,0.8934377795457841,31374.510000000013,4.626664848867314,7.699436313405926,0.34757195207124736,4.0684936732462065,4.599684466595182,0.8558174841368347,6.046978530189709,4.7828124496419155,0.1404045601757728,62.799523352185815
