X_1,X_2,X_3,X_4,X_5,X_6,X_7,Actual_Y_1,Actual_Y_2,Actual_Y_3,Actual_Y_4,Actual_Y_5,Actual_Y_6,Actual_Y_7,Actual_Y_8,Actual_Y_9,Actual_Y_10,Predicted_Y_1,Predicted_Y_2,Predicted_Y_3,Predicted_Y_4,Predicted_Y_5,Predicted_Y_6,Predicted_Y_7,Predicted_Y_8,Predicted_Y_9,Predicted_Y_10,Error_Y_1 (%),Error_Y_2 (%),Error_Y_3 (%),Error_Y_4 (%),Error_Y_5 (%),Error_Y_6 (%),Error_Y_7 (%),Error_Y_8 (%),Error_Y_9 (%),Error_Y_10 (%)
71.0,12.409999999999998,1.29,0.64,18.9,46.0,49.0,0.2617430090904236,0.5589969754219055,0.29725396633148193,35.29999923706055,60.5,96.5,0.32806718349456787,47.0,0.9562129974365234,75975.0,0.25797390937805176,0.5611291527748108,0.2712211012840271,35.18549346923828,60.438133239746094,94.88560485839844,0.3058057725429535,46.090301513671875,0.8859961628913879,32034.9609375,1.440000145742088,0.3814291394503526,8.757785596180861,0.324378952682948,0.10225910785769629,1.672948333265868,6.785625649748349,1.9355286943151595,7.343221095443929,57.83486549851925
73.0,12.409999999999998,1.29,0.64,19.0,46.0,49.0,0.2752549946308136,0.6043949723243713,0.32913997769355774,35.29999923706055,59.59999847412109,95.9000015258789,0.37468859553337097,47.0,1.013260006904602,73232.0,0.2580224871635437,0.559465229511261,0.27116599678993225,35.20100784301758,60.668094635009766,94.97298431396484,0.30599579215049744,46.12461853027344,0.8874117136001587,32764.548828125,6.260561226285118,7.433837948770545,17.613776761448754,0.2804288843696072,1.7921076983793163,0.9666498406299859,18.333305097020368,1.862513765375665,12.420138211997141,55.25924619275043
75.0,12.7,1.29,0.64,17.6,38.0,46.0,0.2722429931163788,0.5657550096511841,0.2935120165348053,37.099998474121094,62.90000152587891,96.19999694824219,0.31533342599868774,43.70000076293945,0.966484010219574,73497.0,0.2582785189151764,0.5609681606292725,0.2725638449192047,35.3188362121582,60.77777862548828,95.72530364990234,0.3072225749492645,46.35791015625,0.892442524433136,33100.06640625,5.129415468640856,0.84609927269808,7.137074612110986,4.8009766447977915,3.3739631938124632,0.49344419272200146,2.5721507397242975,6.0821724185520685,7.660911614007626,54.964057844197725
77.0,12.7,1.29,0.64,17.4,37.0,46.0,0.2454,0.509,0.2636,35.0,60.8,97.4,0.305,49.7,0.9179999999999999,56163.0,0.25909316539764404,0.5637373924255371,0.2751603126525879,35.49785232543945,60.97927474975586,96.92735290527344,0.3092690706253052,46.69664001464844,0.8975608348846436,33248.5546875,5.5799369998549455,10.753908138612397,4.38555108216536,1.4224352155412947,0.29485978578266814,0.48526395762481334,1.3996952869853057,6.042977837729508,2.226488574657557,40.79989550504781
74.0,12.4,1.25,0.65,18.4,40.0,61.0,0.27067801356315613,0.5627310276031494,0.2920530140399933,37.400001525878906,61.400001525878906,97.69999694824219,0.3687114119529724,46.4000015258789,0.9475780129432677,65834.0,0.2582067847251892,0.5613624453544617,0.2727099061012268,35.33357620239258,60.5700569152832,95.7068099975586,0.3075065612792969,46.44880294799805,0.8925459384918213,32794.41015625,4.607403709595002,0.2432036233219575,6.623149568358046,5.525201174273928,1.3517012865967075,2.040109532183005,16.599662687273145,0.10517547524633047,5.8076563301117075,50.186210535209774
76.0,12.7,1.29,0.64,17.0,39.0,45.0,0.2555530071258545,0.5515000224113464,0.29594701528549194,35.29999923706055,59.90000152587891,95.5999984741211,0.3373769521713257,42.79999923706055,0.8894619941711427,65522.0,0.25708627700805664,0.5595451593399048,0.27111732959747314,35.22462844848633,60.258785247802734,95.19255065917969,0.30748888850212097,46.30960464477539,0.8918216228485107,32283.990234375,0.5999811543782951,1.4587736358345487,8.389909141021842,0.21351498641135644,0.5989711398735337,0.42620065004677,8.858952420089162,8.200012781018637,0.26528718403161283,50.72801466015232
74.0,12.7,1.29,0.64,17.0,39.0,45.0,0.2524,0.5241,0.2684,35.0,62.0,96.5,0.292,51.5,0.914,55999.0,0.25628355145454407,0.5577989816665649,0.2695505619049072,35.15489959716797,59.94380569458008,94.82008361816406,0.30768170952796936,46.23009490966797,0.8896826505661011,31488.06640625,1.538649546174348,6.429876295852878,0.428674331187481,0.44257027762276785,3.3164424280966482,1.7408459915398318,5.370448468482665,10.232825418120449,2.660541513555685,43.7703058871587
74.0,12.4,1.25,0.65,18.4,40.0,61.0,0.23116399347782135,0.47055900096893316,0.23939500749111176,34.400001525878906,59.90000152587891,95.5999984741211,0.25362297892570496,43.099998474121094,0.7269200086593628,77135.0,0.25601664185523987,0.5559984445571899,0.267395555973053,35.04140090942383,59.64786148071289,93.81288146972656,0.30578815937042236,45.9738655090332,0.8828216195106506,30901.1328125,10.751089736560969,18.157009729349028,11.696379458949588,1.8645330089953664,0.420934956165384,1.8693692812958609,20.568002420631775,6.667905189457699,21.44687297008272,59.9388956861347
74.0,12.409999999999998,1.29,0.64,19.5,45.0,47.99999999999999,0.2560670077800751,0.5327979922294617,0.2756589949131012,35.0,60.20000076293945,97.4000015258789,0.31097763776779175,50.900001525878906,0.8892199993133545,76968.0,0.257120281457901,0.558020830154419,0.2693001925945282,35.18118667602539,59.93989181518555,94.5627212524414,0.3054552674293518,46.23017120361328,0.8818311095237732,31845.212890625,0.4113273658161145,4.734033966497096,2.306763949631881,0.5176762172154018,0.4320746585671731,2.9130187155938008,1.7758094691565949,9.174519022148477,0.8309405766049925,58.62538601675371
73.0,12.409999999999998,1.29,0.64,18.9,45.0,47.99999999999999,0.2534799873828888,0.540677011013031,0.2871970236301422,35.0,62.0,97.0999984741211,0.31137678027153015,47.299999237060554,0.90665602684021,73863.0,0.2579021453857422,0.5592531561851501,0.27125284075737,35.311500549316406,60.2733039855957,95.39140319824219,0.305540531873703,46.55242156982422,0.8825032114982605,33146.32421875,1.7445787529465184,3.43571943946983,5.551653241819608,0.8900015694754465,2.7849935716198337,1.7596244106371204,1.8743364205698831,1.5805024932232816,2.6639447184975453,55.12458982338925
76.0,12.7,1.29,0.64,17.1,38.0,47.0,0.27033600211143494,0.5661290287971497,0.2957930266857147,35.599998474121094,61.099998474121094,95.30000305175781,0.3025550842285156,51.5,0.9450139999389648,73994.0,0.25804266333580017,0.5597711801528931,0.2720712423324585,35.34181213378906,60.437660217285156,95.79412841796875,0.3071008026599884,46.54637145996094,0.8894734978675842,32906.81640625,4.547429376634541,1.1230387987284574,8.019724000613792,0.7252425601077374,1.0840233606821954,0.5184945964194524,1.502443247008687,9.618696194250607,5.877214737026941,55.527723320471935
77.0,12.7,1.29,0.64,17.4,38.0,47.0,0.2654,0.5539,0.2618,36.2,61.400000000000006,97.4,0.289,53.6,0.9320000000000002,59093.99999999999,0.2581295669078827,0.5598844289779663,0.272116094827652,35.33610153198242,60.38179016113281,95.93779754638672,0.30830246210098267,46.50045394897461,0.894636869430542,32088.291015625,2.7394246767586035,1.0804168582715945,3.94044875005806,2.3864598564021575,1.658322213138751,1.5012345519643602,6.679052630097816,13.245421736987673,4.008919588997657,45.69957861098419
76.0,12.4,1.25,0.65,18.4,40.0,61.0,0.2392,0.5093,0.2701,35.0,60.8,97.1,0.276,56.0,0.9629999999999999,56433.0,0.2581433951854706,0.5601610541343689,0.2720274031162262,35.28961181640625,60.38628005981445,95.58971405029297,0.30744409561157227,46.45607376098633,0.8933027386665344,32325.703125,7.919479592588037,9.986462622102675,0.7135887138934429,0.8274623325892858,0.6804604279367501,1.555392327195701,11.392788265062407,17.04272542681013,7.23751415716152,42.71843934400085
71.0,12.4,1.25,0.65,18.4,40.0,61.0,0.2757749855518341,0.6099979877471924,0.3342230021953583,34.400001525878906,58.400001525878906,95.0,0.4179112911224365,45.79999923706055,1.0170999765396118,66536.0,0.25759556889533997,0.5593495965003967,0.27004897594451904,35.161170959472656,60.209075927734375,94.45138549804688,0.3051055669784546,46.13045120239258,0.8869300484657288,32412.943359375,6.592119520962562,8.303042348360398,19.200960385523842,2.212701743693607,3.0977300592257864,0.5774889494243421,26.992743804793,0.7215108533552886,12.798144831027185,51.28510376431555
75.0,12.7,1.29,0.64,17.0,39.0,45.0,0.2718130052089691,0.5806459784507751,0.30883297324180603,35.0,60.20000076293945,98.30000305175781,0.3467777371406555,48.5,0.9350910186767578,66799.0,0.25795778632164,0.5625107288360596,0.2717224955558777,35.279991149902344,60.34964370727539,95.18193817138672,0.3058539032936096,46.215904235839844,0.8879866003990173,32479.23828125,5.097334793336046,3.123288593697375,12.016358647323603,0.7999747140066965,0.2485763163446025,3.171988589592761,11.80117102801409,4.709475802392075,5.037415325023406,51.37765792713963
76.0,12.7,1.29,0.64,17.0,39.0,45.0,0.25972598791122437,0.5278949737548828,0.26278501749038696,35.0,61.099998474121094,96.19999694824219,0.27702242136001587,38.0,0.8725910186767578,78895.0,0.25673699378967285,0.5599607229232788,0.2703639268875122,35.1788330078125,60.027191162109375,94.74901580810547,0.30612581968307495,46.10088348388672,0.8867948651313782,31759.03515625,1.150825970704621,6.074266807337527,2.8840721094011728,0.5109514508928571,1.7558221584344331,1.5082964513162926,10.505791617941481,21.318114431280836,1.6277782088749675,59.74518644242347
72.0,12.409999999999998,1.29,0.64,19.5,45.0,47.99999999999999,0.24164600670337677,0.5181840062141418,0.27653801441192627,35.29999923706055,60.79999923706054,96.19999694824219,0.3067336082458496,50.29999923706055,0.8590329885482788,79093.0,0.25638940930366516,0.557229220867157,0.2697070240974426,35.16322708129883,60.02947235107422,94.6921157836914,0.306464821100235,46.25761413574219,0.8840732574462891,32176.271484375,6.101239909329884,7.535009607548468,2.4701812982240905,0.3874565402769902,1.2673139731170384,1.5674440877186886,0.08762885395955335,8.036551019149856,2.9149368221966667,59.31843338301114
71.0,12.409999999999998,1.29,0.64,19.7,45.0,47.99999999999999,0.2241,0.4590000000000001,0.2349,35.6,61.7,95.6,0.262,49.1,0.822,59637.0,0.2574695646762848,0.5584802031517029,0.2713007926940918,35.33594512939453,60.32969284057617,95.61127471923828,0.3071165978908539,46.64426040649414,0.8830978274345398,33171.5625,14.890479552112806,21.673246874009322,15.496293186075691,0.7417271646221072,2.220919221108316,0.011793639370593028,17.220075530860253,5.001506300419268,7.432825721963485,44.377546657276525
78.0,12.4,1.25,0.65,18.4,40.0,61.0,0.2695,0.5646,0.2747,35.3,62.29999999999999,96.2,0.245,46.7,1.018,59224.99999999999,0.257786363363266,0.5577107071876526,0.2708144783973694,35.25333786010742,60.31010437011719,94.96360778808594,0.30588507652282715,46.361549377441406,0.8849690556526184,32978.25390625,4.346432889326169,1.2202077244681904,1.4144599936769622,0.1321873651347742,3.1940539805502453,1.2852309895156604,24.85105164197027,0.7247336671490291,13.067872725675992,44.31700480160404
74.0,12.4,1.25,0.65,18.4,40.0,61.0,0.2603740096092224,0.5399209856987,0.27954697608947754,35.0,60.79999923706054,95.5999984741211,0.31504401564598083,43.400001525878906,0.886473000049591,75064.0,0.2580946683883667,0.5587541460990906,0.2706952393054962,35.19095993041992,60.4315185546875,94.40879821777344,0.3045128583908081,46.05889892578125,0.8855223059654236,33132.20703125,0.8754104237502893,3.4881326896414375,3.166457712333849,0.5455998011997767,0.6060537615079985,1.246025392636501,3.3427574345696294,6.126491489445858,0.10724456177618334,55.86138890646648
76.0,12.7,1.29,0.64,17.6,38.0,47.0,0.2758679986000061,0.5739160180091858,0.2876570224761963,37.400001525878906,63.20000076293945,98.30000305175781,0.3002662658691406,55.099998474121094,0.965982973575592,74828.0,0.25666019320487976,0.556976854801178,0.26967692375183105,35.068214416503906,60.262569427490234,93.97984313964844,0.3044203221797943,45.93570327758789,0.8871824741363525,33166.62109375,6.962679793453185,2.9515055646585373,6.250533558885424,6.234724637007091,4.647834335425722,4.394872612399295,1.3834575451323161,16.632115154844172,8.157545380697442,55.67618926905704
74.0,12.7,1.29,0.64,17.4,38.0,47.0,0.24683499336242676,0.5220990180969238,0.27526402473449707,34.70000076293945,60.79999923706054,97.0999984741211,0.28437724709510803,47.299999237060554,0.8697230219841003,79524.0,0.25517818331718445,0.5543248057365417,0.26741233468055725,34.93061447143555,59.84235763549805,93.35221099853516,0.3045659065246582,45.81561279296875,0.8849789500236511,32320.68359375,3.3800677290952095,6.172351703912885,2.852421438476416,0.664592805261248,1.5750684433870257,3.85971939699339,7.099252712998593,3.1382377759717923,1.7541133963255808,59.3573215711609
73.0,12.409999999999998,1.29,0.64,19.7,45.0,47.99999999999999,0.24838300049304962,0.5368409752845764,0.288457989692688,35.29999923706055,60.20000076293945,96.5,0.30377763509750366,50.0,0.9329580068588257,79662.0,0.2560688257217407,0.5549169778823853,0.26868337392807007,35.060791015625,59.95076370239258,94.06588745117188,0.30507975816726685,46.17351531982422,0.8826959133148193,32722.068359375,3.094344304334213,3.367105610414117,6.855284468176816,0.6776437014321757,0.4140150454953337,2.522396423656088,0.42864349422736153,7.6529693603515625,5.387390769412407,58.9238678926276
73.0,12.409999999999998,1.29,0.64,19.0,44.0,47.99999999999999,0.2933099865913391,0.7026000022888184,0.2614949941635132,31.399999618530273,54.79999923706055,93.80000305175781,0.35813307762145996,32.0,0.8153449892997741,67327.0,0.25768399238586426,0.5581691265106201,0.27254968881607056,35.338687896728516,60.61333465576172,95.82744598388672,0.30717575550079346,46.78044128417969,0.8864863514900208,34305.796875,12.146192026905512,20.556628993409383,4.2274976191876386,12.543593395058133,10.608276459189597,2.161452949004901,14.228599731446042,46.18887901306152,8.725308074971254,49.04600401770464
79.0,12.7,1.29,0.64,17.0,39.0,45.0,0.34020599722862244,0.736598014831543,0.39639201760292053,34.099998474121094,58.099998474121094,95.0,0.46042194962501526,48.79999923706055,1.254830002784729,67199.0,0.2570151388645172,0.5566321015357971,0.2728479206562042,35.310237884521484,60.617095947265625,96.06584167480469,0.30855706334114075,46.88900375366211,0.8925925493240356,34482.58203125,24.453084026087872,24.43203886951872,31.167150563176744,3.549089338871543,4.332353768074016,1.1219386050575657,32.983850228591166,3.915974412448671,28.867452376562007,48.685870278947604
77.0,12.7,1.29,0.64,17.0,39.0,45.0,0.2392,0.4983000000000001,0.2263,36.8,64.1,97.1,0.266,47.599999999999994,0.762,59907.00000000001,0.25658488273620605,0.5559943914413452,0.2724379897117615,35.279563903808594,60.46449279785156,96.1507797241211,0.30952519178390503,46.97086715698242,0.8946534395217896,34000.11328125,7.267927565303537,11.578244318953468,20.38797601049999,4.131619826607075,5.671618100075557,0.9775698000812572,16.36285405409963,1.3217076533982617,17.408587863751908,43.245174551805306
77.0,12.4,1.25,0.65,18.4,40.0,60.0,0.2405,0.4866,0.2412,36.5,62.6,98.0,0.242,56.6,0.857,59777.99999999999,0.25788256525993347,0.558773934841156,0.27340224385261536,35.317405700683594,60.610694885253906,96.21672821044922,0.3090381622314453,46.836334228515625,0.8964232802391052,33416.25390625,7.227677862758204,14.832292404676537,13.350847368414328,3.239984381688784,3.1778036976774686,1.819665091378348,27.701719930349306,17.25029288248123,4.600149386126633,44.09941131143564
76.0,12.4,1.25,0.65,18.4,40.0,60.0,0.3540210127830506,0.8643590211868286,0.4586549997329712,35.900001525878906,61.70000076293946,96.80000305175781,0.4823332726955414,52.400001525878906,1.2288000583648682,76378.0,0.25901249051094055,0.5623107552528381,0.2746365964412689,35.34739685058594,60.897708892822266,96.1751708984375,0.3081948459148407,46.615684509277344,0.8980022668838501,33377.3828125,26.836972620699406,34.94476930653838,40.121311966257366,1.5392887236916069,1.3003109565585238,0.6454877413446177,36.10334112086446,11.038772610998587,26.920391908281804,56.29974231781403
77.0,12.7,1.29,0.64,17.6,37.0,46.0,0.2676039934158325,0.5472139716148376,0.27153003215789795,36.5,62.29999923706055,96.5,0.30453330278396606,46.099998474121094,0.8776779770851135,76237.0,0.2592298984527588,0.5650086998939514,0.27559995651245117,35.39509582519531,60.891761779785156,96.54914093017578,0.3079479932785034,46.599796295166016,0.8991841077804565,33260.55078125,3.1292862472575815,3.2518775473881316,1.4988855273977624,3.0271347254922945,2.2604132817351132,0.0509232437054728,1.1212863957147283,1.0841601683034559,2.4503441190090887,56.372167344924385
75.0,12.7,1.29,0.64,17.6,38.0,46.0,0.245,0.5171,0.2625,35.6,61.400000000000006,96.2,0.295,48.8,0.91,78442.0,0.26000115275382996,0.5686717629432678,0.27805089950561523,35.55573654174805,61.12881088256836,97.64388275146484,0.3094032108783722,46.809268951416016,0.9011022448539734,33229.6015625,6.122919491359167,9.97326686197405,5.924152192615323,0.12433555688751276,0.4416760870222252,1.5009176210653232,4.882444365549901,4.0793669028360275,0.9777752907721584,57.63799805907549
70.0,12.4,1.25,0.65,21.999999999999996,54.99999999999999,71.0,0.24029999999999999,0.5017,0.2614,35.9,62.6,97.1,0.277,40.7,0.8920000000000001,77605.0,0.2595279812812805,0.5681349635124207,0.27731871604919434,35.49800491333008,61.17247772216797,96.96598815917969,0.3081565201282501,46.747371673583984,0.8950299024581909,33262.49609375,8.001656796204966,13.241970004468929,6.089791908643578,1.119763472618163,2.280387025290787,0.13801425419187108,11.247841201534332,14.858407060402904,0.339675163474304,57.13872032246634
71.0,12.4,1.25,0.65,21.999999999999996,54.99999999999999,71.0,0.25245100259780884,0.5315549969673157,0.27910399436950684,34.400001525878906,60.79999923706054,97.0999984741211,0.29795560240745544,44.0,0.8493170142173767,80276.0,0.2592569589614868,0.5684255957603455,0.2783746123313904,35.5042610168457,61.5228271484375,96.5721664428711,0.3077053725719452,46.75460433959961,0.891094982624054,34079.1796875,2.6959514098349047,6.936365757708583,0.2613298458032182,3.2100565173989,1.188861711261933,0.5435963332076434,3.272222467277825,6.260464408180931,4.919007591667588,57.54748656198615
74.0,12.409999999999998,1.29,0.64,19.0,44.0,47.99999999999999,0.2494339942932129,0.5350189805030823,0.2855849862098694,32.900001525878906,59.0,95.5999984741211,0.3181785643100739,41.900001525878906,0.8800860047340393,80448.0,0.25905904173851013,0.5668802857398987,0.2789579927921295,35.50398254394531,61.704654693603516,96.4113998413086,0.3084966540336609,46.73665237426758,0.8910794854164124,34685.2421875,3.858755288175706,5.955172881316657,2.3204978334784916,7.91483555408997,4.584160497633078,0.8487462135338278,3.04291720512565,11.543319026853464,1.249137086970865,56.88489187114658
72.0,12.409999999999998,1.29,0.64,19.3,44.0,47.99999999999999,0.26791998744010925,0.574114978313446,0.3061949908733368,35.900001525878906,61.099998474121094,96.19999694824219,0.3466451168060302,39.200000762939446,0.9195089936256409,67750.0,0.25901374220848083,0.5647915005683899,0.27986928820610046,35.5445671081543,61.96312713623047,96.56488037109375,0.30986684560775757,46.86515426635742,0.894713819026947,35632.78515625,3.324218292455436,1.6239739594402065,8.597692141255974,0.9900679738645433,1.4126492367670895,0.3792967093833466,10.609776227960658,19.5539626383497,2.69656683845212,47.40548316420664
77.0,12.7,1.29,0.64,18.6,37.0,46.0,0.2722949981689453,0.5736610293388367,0.2336999773979187,33.79999923706055,52.70000076293945,92.5999984741211,0.3689783215522766,38.900001525878906,0.6814669966697693,67622.0,0.2575337290763855,0.5596908330917358,0.27854737639427185,35.42552947998047,61.71086883544922,96.10244750976562,0.3108888566493988,46.852352142333984,0.899252712726593,35711.02734375,5.421057746863639,2.4352702262522423,19.19015974913507,4.8092611822830555,17.09842114242726,3.782342433432502,15.743327320287495,20.443059908788534,31.95836586674205,47.19022308753068
75.0,12.7,1.29,0.64,18.0,38.0,46.0,0.2559739947319031,0.5776190161705017,0.2627760171890259,36.79999923706055,63.5,95.9000015258789,0.28871065378189087,66.5,0.8344709873199464,77925.0,0.2568511962890625,0.5569940805435181,0.2777361273765564,35.39179229736328,61.50983428955078,96.04730224609375,0.31235116720199585,46.95878982543945,0.9017580151557922,35351.76953125,0.34269166994021,3.570681547799938,5.693103330951652,3.826649371989901,3.1341192290538875,0.1535982459552873,8.18830656591025,29.385278457985788,8.063435261176693,54.63359700834135
78.0,12.7,1.29,0.64,17.6,37.0,46.0,0.2454890012741089,0.524200975894928,0.26065200567245483,35.900001525878906,61.099998474121094,96.5,0.3194214105606079,42.79999923706055,0.7593939900398254,77442.0,0.25804710388183594,0.5594116449356079,0.2797270119190216,35.56304168701172,61.550106048583984,97.12525939941406,0.3138912320137024,47.25925064086914,0.9061957001686096,34986.765625,5.115545927739909,6.717017071661774,7.318188938295432,0.9386067536077578,0.7366736263561998,0.6479372014653497,1.73131116577303,10.418811876864066,19.33142901500779,54.82197563983369
77.0,12.7,1.29,0.64,17.6,37.0,46.0,0.27668899297714233,0.6270970106124878,0.277055025100708,35.29999923706055,60.20000076293945,97.4000015258789,0.3147561252117157,44.0,0.9439619779586792,82110.0,0.259588360786438,0.5631029009819031,0.2819255292415619,35.76034164428711,61.678226470947266,98.3916015625,0.31536903977394104,47.56927490234375,0.9091042280197144,34640.1171875,6.180452647105139,10.20481816171974,1.757955532148706,1.3040861676372533,2.455524400786791,1.018069836844539,0.19472681010197168,8.111988414417613,3.6927069895701563,57.81254757337718
74.0,12.409999999999998,1.29,0.64,18.8,41.0,50.0,0.26045501232147217,0.5691949725151062,0.28780597448349,35.599998474121094,60.5,94.69999694824219,0.3329101800918579,41.900001525878906,0.9316650032997131,81932.0,0.25976890325546265,0.5613356232643127,0.28081992268562317,35.756317138671875,61.5905647277832,98.35452270507812,0.31462913751602173,47.71585464477539,0.9055563807487488,34919.6484375,0.2634270924157438,1.3807833221128587,2.4273477332791007,0.43909739115414526,1.8025863269143854,3.8590558337961727,5.49128373628947,13.880317200715158,2.802361627676736,57.37971923363276
72.0,12.409999999999998,1.29,0.64,18.8,41.0,50.0,0.2317,0.47800000000000004,0.2359,35.0,62.29999999999999,97.1,0.304,51.8,0.7729999999999999,60079.0,0.26007938385009766,0.5600353479385376,0.28010427951812744,35.78806686401367,61.73942565917969,98.57024383544922,0.3141362965106964,47.892059326171875,0.9022956490516663,35878.38671875,12.248331398402101,17.16220668170242,18.73856698521723,2.251619611467634,0.8997982998720748,1.5141543104523425,3.3343080627290846,7.5442870151122055,16.726474650927084,40.281318399523954
73.0,12.4,1.25,0.65,18.4,40.0,61.0,0.2601,0.541,0.2808,35.6,60.8,94.7,0.266,41.0,0.98,60298.0,0.2611735165119171,0.5633498430252075,0.2789316177368164,35.78786849975586,61.62992858886719,98.40204620361328,0.31117403507232666,47.62506866455078,0.8946133852005005,35608.80078125,0.4127322229592912,4.131209431646485,0.6653782988545541,0.5277205049321853,1.3650141264263,3.9092356954733667,16.982719952002498,16.158704059879955,8.71291987749995,40.9453036895917
76.0,12.4,1.25,0.65,18.4,40.0,61.0,0.24828100204467773,0.5376009941101074,0.2893199920654297,33.20000076293945,60.20000076293945,96.80000305175781,0.31595462560653687,52.70000076293945,0.9453089833259584,82558.0,0.2614199221134186,0.5659549832344055,0.27715471386909485,35.68227767944336,61.37629318237305,97.68547821044922,0.30742400884628296,47.18780517578125,0.8859410285949707,35273.140625,5.291955470026869,5.274169771808652,4.20478312248248,7.4767375284967645,1.9539740938969343,0.9147470359251468,2.6999499513190273,10.45957401775709,6.280269814226084,57.27471520022287
71.0,12.409999999999998,1.29,0.64,19.5,43.0,49.0,0.2519890069961548,0.5258979797363281,0.27390897274017334,33.20000076293945,58.70000076293946,95.30000305175781,0.29384392499923706,48.20000076293945,0.9047819972038268,82275.0,0.2609294652938843,0.5649542808532715,0.2764374017715454,35.61368179321289,61.402687072753906,97.18009948730469,0.3061276078224182,46.97244644165039,0.8827928304672241,35731.84375,3.547955684378692,7.426592727457367,0.9230909838687567,7.270123418092764,4.604235561647217,1.9728188618480813,4.180342616650334,2.5467931573829308,2.430327615332626,56.570229413552106
75.0,12.409999999999998,1.29,0.64,19.5,44.0,49.0,0.2672,0.5844,0.2736,36.5,62.9,96.2,0.282,49.1,0.9489999999999998,80988.0,0.2604407072067261,0.5633150935173035,0.2770281136035919,35.593116760253906,61.59233093261719,97.22186279296875,0.30645179748535156,46.983642578125,0.8857995867729187,36527.140625,2.529675446584551,3.607957988141096,1.2529654983888556,2.4846116157427227,2.0789651309742627,1.0622274355184482,8.670850172110493,4.310300248217926,6.65968527155755,54.89808289499679
75.0,12.4,1.25,0.65,21.999999999999996,54.99999999999999,69.0,0.2561,0.5577,0.28,36.2,63.5,95.9,0.271,55.4,0.894,78582.0,0.2589784860610962,0.5609304308891296,0.27614152431488037,35.419586181640625,61.5335578918457,96.3133773803711,0.3049178719520569,46.894630432128906,0.8867101669311523,37217.4375,1.1239695670035914,0.579241687131014,1.3780270303998767,2.15583927723585,3.0967592254398375,0.43105044877068616,12.51581990850807,15.35265264958681,0.8154175692223348,52.63872451706497
73.0,12.4,1.25,0.65,21.999999999999996,54.99999999999999,69.0,0.2293,0.46610000000000007,0.23679999999999998,36.2,62.29999999999999,98.0,0.272,43.1,0.816,61351.0,0.2579186260700226,0.5608862042427063,0.2769293189048767,35.33354949951172,61.74076843261719,95.81587982177734,0.3043866753578186,46.91131591796875,0.8872625231742859,38190.4296875,12.480866144798334,20.33602322306505,16.94650291591078,2.393509669857138,0.8976429653014489,2.2286940594108735,11.906865940374479,8.842960366516818,8.733152349789943,37.75092551466154
77.0,12.4,1.25,0.65,18.4,40.0,60.0,0.2553,0.5217,0.2649,35.9,62.6,95.3,0.239,55.4,0.941,61221.0,0.2562551498413086,0.5590395331382751,0.2761601507663727,35.14716720581055,61.54511642456055,94.71139526367188,0.3034321665763855,46.6429328918457,0.8866573572158813,38569.8046875,0.3741284141435828,7.157280647551293,4.25071754109953,2.0970272818647677,1.6851175326508858,0.6176335113621428,26.959065513132014,15.806980339628693,5.77498860617626,36.999061290243546
77.0,12.4,1.25,0.65,18.4,40.0,60.0,0.24109899997711182,0.5425000190734863,0.26522499322891235,37.400001525878906,63.20000076293945,96.80000305175781,0.2790224850177765,58.099998474121094,0.7794420123100282,79248.0,0.2547745406627655,0.5574718117713928,0.27521634101867676,34.96739196777344,61.37367248535156,93.71781921386719,0.30252504348754883,46.34077072143555,0.8870137333869934,38751.609375,5.672168149578365,2.7597773588056658,3.7671215175189,6.504303365929615,2.889759898007551,3.184074112314457,8.42317724619039,20.239635217758813,13.801119182446362,51.10083614097517
76.0,12.7,1.29,0.64,17.6,37.0,47.0,0.24629500508308408,0.522367000579834,0.2760719954967499,35.29999923706055,61.400001525878906,96.5,0.31271103024482727,43.099998474121094,0.8273890018463135,78058.0,0.25407108664512634,0.5572298765182495,0.2756456732749939,34.932621002197266,61.35520553588867,93.80828857421875,0.3045766055583954,46.24758529663086,0.8950246572494507,37826.91015625,3.157222599548503,6.674019587706975,0.15442429102194122,1.0407315660153909,0.07295763660747424,2.7893382650582903,2.6012592776351036,7.3029859256252605,8.174589612891719,51.53999570031259
75.0,12.7,1.29,0.64,17.6,37.0,47.0,0.2398959994316101,0.4940069913864135,0.25411099195480347,33.79999923706055,59.59999847412109,95.9000015258789,0.26664432883262634,40.70000076293945,0.8162829875946046,82417.0,0.25422751903533936,0.5572709441184998,0.2765926122665405,35.006248474121094,61.43487548828125,94.44116973876953,0.3080460727214813,46.33463668823242,0.9019597768783569,36674.96875,5.974055272987117,12.806286922081437,8.847165617981481,3.568784805586432,3.0786527871420755,1.5212010051070801,15.526954602827129,13.844314053241364,10.495966544178732,55.50072345511241
71.0,12.409999999999998,1.29,0.64,18.8,41.0,51.0,0.2530359923839569,0.531711995601654,0.27867600321769714,33.79999923706055,60.79999923706054,97.0999984741211,0.2927553951740265,47.0,0.8823220133781434,83673.0,0.25565266609191895,0.5589209198951721,0.2788572907447815,35.27886199951172,61.81222915649414,95.94769287109375,0.31065231561660767,46.89686584472656,0.9015119671821594,37178.3125,1.0341112674561705,5.117229725601741,0.0650531531208777,4.375333715480234,1.6648518620648236,1.1867205161022263,6.113267505093278,0.21943437292220744,2.174937665959788,55.56713336440667
73.0,12.409999999999998,1.29,0.64,18.8,42.0,51.0,0.2894589900970459,0.6162009835243225,0.31306999921798706,36.5,61.70000076293946,96.80000305175781,0.38515639305114746,46.4000015258789,0.9318709969520569,68044.0,0.25669264793395996,0.5582913160324097,0.2795105278491974,35.45756530761719,61.95463562011719,96.84300231933594,0.31177350878715515,47.291507720947266,0.9004926085472107,37677.359375,11.319856450856987,9.397853791258521,10.71947853598792,2.855985458583048,0.412698304747308,0.044420729568710654,19.052749892755205,1.9213494951528016,3.3672459500808514,44.627947541296805
77.0,12.7,1.29,0.64,19.0,36.0,46.0,0.27129098773002625,0.5728830099105835,0.3015920221805572,35.0,60.5,95.9000015258789,0.363556295633316,47.900001525878906,0.846798002719879,68192.0,0.25753599405288696,0.5581679344177246,0.28009235858917236,35.550357818603516,62.080841064453125,97.51174926757812,0.3140442967414856,47.354251861572266,0.9074432849884033,37007.1875,5.070199269143245,2.568600436440878,7.128724240097243,1.572450910295759,2.612960437112603,1.6806545527158139,13.618798377725893,1.139352081255757,7.161717679273477,45.730895852885965
79.0,12.7,1.29,0.64,18.8,36.0,46.0,0.26448899507522583,0.5427169799804688,0.2782279849052429,34.400001525878906,59.29999923706055,96.5,0.29446715116500854,43.400001525878906,0.9570310115814209,83040.0,0.25808295607566833,0.5568392276763916,0.27921774983406067,35.536643981933594,61.838890075683594,97.52853393554688,0.3148612380027771,47.27676010131836,0.9101568460464478,35594.41015625,2.4220436837969355,2.6021385393969214,0.3557388122387605,3.3041930396415777,4.28143485883272,1.0658382751781088,6.925759548079595,8.932623131655394,4.897873210766405,57.13582591973747
70.0,12.409999999999998,1.29,0.64,19.5,43.0,47.99999999999999,0.2540850043296814,0.5450170040130615,0.2909319996833801,35.0,61.400001525878906,95.9000015258789,0.3345559537410736,39.200000762939446,0.9096490144729614,83263.0,0.2585161328315735,0.5558460354804993,0.27572357654571533,35.473297119140625,61.24932098388672,97.0438461303711,0.3123997151851654,47.19984817504883,0.8974891901016235,34596.3203125,1.7439551435088214,1.9869162590711067,5.227483794912917,1.3522774832589286,0.2454080427484657,1.192747222411167,6.622580859241206,20.407773613291905,1.3367600225877374,58.449346873761456
73.0,12.409999999999998,1.29,0.64,17.7,43.0,47.99999999999999,0.2397339940071106,0.5207890272140503,0.2810550332069397,34.70000076293945,60.5,96.80000305175781,0.3049781322479248,50.900001525878906,0.9076210260391235,83801.0,0.25899502635002136,0.5557262301445007,0.27323025465011597,35.45145797729492,60.880741119384766,96.86439514160156,0.3102166950702667,47.16342544555664,0.8880152702331543,34333.26171875,8.034335064863383,6.7085136408012005,2.7840734490822574,2.1655827026898673,0.6293241642723398,0.06652075187365471,1.7176847348790742,7.341013690191132,2.1601257841644714,59.03000952405103
75.0,12.409999999999998,1.29,0.64,19.0,41.0,49.0,0.26941999793052673,0.5906149744987488,0.28261998295783997,36.5,63.20000076293945,97.0999984741211,0.29966798424720764,41.900001525878906,0.8946939706802368,84339.0,0.26000115275382996,0.5573058724403381,0.2748134434223175,35.58931350708008,61.08982467651367,97.59688568115234,0.30957740545272827,47.45356750488281,0.8874301910400391,35527.3515625,3.4959710671238082,5.639732058382006,2.762203667915091,2.4950314874518407,3.3388861723925656,0.5117273067349011,3.3068001009230157,13.254333596083118,0.8118730960794444,57.87553615468526
